{
  "file": "subst-metrics.pdf",
  "sha256": "1bcfb1e3832de4fd513062b528177e6e81ae43996aadfca64ef6c978c5c3f8b2",
  "mupdf": "1.27.2",
  "pageCount": 1,
  "requiresAuth": false,
  "auth": [
    {
      "password": "",
      "status": 1
    },
    {
      "password": "invalid-password",
      "status": 1
    }
  ],
  "dpis": [
    72,
    100,
    150
  ],
  "needles": [
    "paxo",
    "qbxo",
    "rcxo",
    "sdxo",
    "texo",
    "ufxo",
    "vgxo",
    "wexo",
    "xfxo",
    "ygxo",
    "zhxo",
    "aixo"
  ],
  "pages": [
    {
      "page": 0,
      "bounds": [
        0,
        0,
        612,
        792
      ],
      "linksRaw": [],
      "searchRaw": {
        "aixo": [
          [
            30,
            632,
            150,
            632,
            30,
            677,
            150,
            677
          ]
        ],
        "paxo": [
          [
            30,
            13.899998,
            146.70001,
            13.899998,
            30,
            73.4,
            146.70001,
            73.4
          ]
        ],
        "qbxo": [
          [
            30,
            82,
            138.40001,
            82,
            30,
            127,
            138.40001,
            127
          ]
        ],
        "rcxo": [
          [
            30,
            137,
            118.850006,
            137,
            30,
            182,
            118.850006,
            182
          ]
        ],
        "sdxo": [
          [
            30,
            192,
            146.70001,
            192,
            30,
            237,
            146.70001,
            237
          ]
        ],
        "texo": [
          [
            30,
            247,
            132.8,
            247,
            30,
            292,
            132.8,
            292
          ]
        ],
        "ufxo": [
          [
            30,
            302,
            150,
            302,
            30,
            347,
            150,
            347
          ]
        ],
        "vgxo": [
          [
            30,
            357,
            135.6,
            357,
            30,
            402,
            135.6,
            402
          ]
        ],
        "wexo": [
          [
            30,
            412,
            146.70001,
            412,
            30,
            457,
            146.70001,
            457
          ]
        ],
        "xfxo": [
          [
            30,
            462,
            121.700005,
            462,
            30,
            512,
            121.700005,
            512
          ]
        ],
        "ygxo": [
          [
            30,
            517,
            135.6,
            517,
            30,
            567,
            135.6,
            567
          ]
        ],
        "zhxo": [
          [
            30,
            580,
            135.6,
            580,
            30,
            622,
            135.6,
            622
          ]
        ]
      },
      "renders": {
        "100": {
          "png": "page0-100.png",
          "width": 850,
          "height": 1100,
          "stride": 3400,
          "links": [],
          "search": {
            "aixo": [
              [
                41,
                877,
                209,
                941
              ]
            ],
            "paxo": [
              [
                41,
                19,
                204,
                102
              ]
            ],
            "qbxo": [
              [
                41,
                113,
                193,
                177
              ]
            ],
            "rcxo": [
              [
                41,
                190,
                166,
                253
              ]
            ],
            "sdxo": [
              [
                41,
                266,
                204,
                330
              ]
            ],
            "texo": [
              [
                41,
                343,
                185,
                406
              ]
            ],
            "ufxo": [
              [
                41,
                419,
                209,
                482
              ]
            ],
            "vgxo": [
              [
                41,
                495,
                189,
                559
              ]
            ],
            "wexo": [
              [
                41,
                572,
                204,
                635
              ]
            ],
            "xfxo": [
              [
                41,
                641,
                170,
                712
              ]
            ],
            "ygxo": [
              [
                41,
                718,
                189,
                788
              ]
            ],
            "zhxo": [
              [
                41,
                805,
                189,
                864
              ]
            ]
          }
        },
        "150": {
          "png": "page0-150.png",
          "width": 1275,
          "height": 1650,
          "stride": 5100,
          "links": [],
          "search": {
            "aixo": [
              [
                62,
                1316,
                313,
                1411
              ]
            ],
            "paxo": [
              [
                62,
                28,
                306,
                153
              ]
            ],
            "qbxo": [
              [
                62,
                170,
                289,
                265
              ]
            ],
            "rcxo": [
              [
                62,
                285,
                248,
                380
              ]
            ],
            "sdxo": [
              [
                62,
                400,
                306,
                494
              ]
            ],
            "texo": [
              [
                62,
                514,
                277,
                609
              ]
            ],
            "ufxo": [
              [
                62,
                629,
                313,
                723
              ]
            ],
            "vgxo": [
              [
                62,
                743,
                283,
                838
              ]
            ],
            "wexo": [
              [
                62,
                858,
                306,
                953
              ]
            ],
            "xfxo": [
              [
                62,
                962,
                254,
                1067
              ]
            ],
            "ygxo": [
              [
                62,
                1077,
                283,
                1182
              ]
            ],
            "zhxo": [
              [
                62,
                1208,
                283,
                1296
              ]
            ]
          }
        },
        "72": {
          "png": "page0-72.png",
          "width": 612,
          "height": 792,
          "stride": 2448,
          "links": [],
          "search": {
            "aixo": [
              [
                30,
                632,
                150,
                677
              ]
            ],
            "paxo": [
              [
                30,
                13,
                147,
                74
              ]
            ],
            "qbxo": [
              [
                30,
                82,
                139,
                127
              ]
            ],
            "rcxo": [
              [
                30,
                137,
                119,
                182
              ]
            ],
            "sdxo": [
              [
                30,
                192,
                147,
                237
              ]
            ],