{
  "file": "text-std14.pdf",
  "sha256": "c3a63d623e7a61da6a52abad65095c1978814558316d17ed52f4c28c55f3b742",
  "mupdf": "1.27.2",
  "pageCount": 1,
  "requiresAuth": false,
  "auth": [
    {
      "password": "",
      "status": 1
    },
    {
      "password": "invalid-password",
      "status": 1
    }
  ],
  "dpis": [
    72,
    100,
    150
  ],
  "needles": [
    "Hello",
    "hello world",
    "brown fox",
    "QUICK",
    "Spaced words",
    "Kerned Text"
  ],
  "pages": [
    {
      "page": 0,
      "bounds": [
        0,
        0,
        400,
        300
      ],
      "linksRaw": [],
      "searchRaw": {
        "Hello": [
          [
            40,
            24.199999,
            94.67201,
            24.199999,
            40,
            57.176,
            94.67201,
            57.176
          ],
          [
            40,
            128.816,
            76,
            128.816,
            40,
            143.804,
            76,
            143.804
          ]
        ],
        "Kerned Text": [
          [
            40,
            180.65,
            142.042,
            180.65,
            40,
            205.382,
            142.042,
            205.382
          ]
        ],
        "QUICK": [
          [
            65.270004,
            75.258,
            96.378006,
            75.258,
            65.270004,
            93.934,
            96.378006,
            93.934
          ]
        ],
        "Spaced words": [
          [
            40,
            150.258,
            121.14801,
            150.258,
            40,
            168.934,
            121.14801,
            168.934
          ]
        ],
        "brown fox": [
          [
            99.878006,
            75.258,
            135.64801,
            75.258,
            99.878006,
            93.934,
            135.64801,
            93.934
          ],
          [
            40,
            93.258,
            58.662,
            93.258,
            40,
            111.934,
            58.662,
            111.934
          ]
        ],
        "hello world": [
          [
            40,
            24.199999,
            164.00803,
            24.199999,
            40,
            57.176,
            164.00803,
            57.176
          ],
          [
            40,
            128.816,
            119.19998,
            128.816,
            40,
            143.804,
            119.19998,
            143.804
          ]
        ]
      },
      "renders": {
        "100": {
          "png": "page0-100.png",
          "width": 556,
          "height": 417,
          "stride": 2224,
          "links": [],
          "search": {
            "Hello": [
              [
                55,
                33,
                132,
                80
              ],
              [
                55,
                178,
                106,
                200
              ]
            ],
            "Kerned Text": [
              [
                55,
                250,
                198,
                286
              ]
            ],
            "QUICK": [
              [
                90,
                104,
                134,
                131
              ]
            ],
            "Spaced words": [
              [
                55,
                208,
                169,
                235
              ]
            ],
            "brown fox": [
              [
                138,
                104,
                189,
                131
              ],
              [
                55,
                129,
                82,
                156
              ]
            ],
            "hello world": [
              [
                55,
                33,
                228,
                80
              ],
              [
                55,
                178,
                166,
                200
              ]
            ]
          }
        },
        "150": {
          "png": "page0-150.png",
          "width": 834,
          "height": 625,
          "stride": 3336,
          "links": [],
          "search": {
            "Hello": [
              [
                83,
                50,
                198,
                120
              ],
              [
                83,
                268,
                159,
                300
              ]
            ],
            "Kerned Text": [
              [
                83,
                376,
                296,
                428
              ]
            ],
            "QUICK": [
              [
                135,
                156,
                201,
                196
              ]
            ],
            "Spaced words": [
              [
                83,
                313,
                253,
                352
              ]
            ],
            "brown fox": [
              [
                208,
                156,
                283,
                196
              ],
              [
                83,
                194,
                123,
                234
              ]
            ],
            "hello world": [
              [
                83,
                50,
                342,
                120
              ],
              [
                83,
                268,
                249,
                300
              ]
            ]
          }
        },
        "72": {
          "png": "page0-72.png",
          "width": 400,
          "height": 300,
          "stride": 1600,
          "links": [],
          "search": {
            "Hello": [
              [
                40,
                24,
                95,
                58
              ],
              [
                40,
                128,
                76,
                144
              ]
            ],
            "Kerned Text": [
              [
                40,
                180,
                143,
                206
              ]
            ],
            "QUICK": [
              [
                65,
                75,
                97,
                94
              ]
            ],
            "Spaced words": [
              [
                40,
                150,
                122,
                169
              ]
            ],
            "brown fox": [
              [
                99,
                75,
                136,
                94
              ],
              [
                40,
                93,
                59,
                112
              ]
            ],
            "hello world": [
              [
                40,
                24,
                165,
                58
              ],
              [
                40,
                128,
                120,
                144
              ]
            ]
          }
        }
      }
    }
  ]
}
