{
  "file": "text-type1.pdf",
  "sha256": "42c87ab1046a045557f0b1ef2340548d0d5e2931400a8fb9ff6531d231d364be",
  "mupdf": "1.27.2",
  "pageCount": 1,
  "requiresAuth": false,
  "auth": [
    {
      "password": "",
      "status": 1
    },
    {
      "password": "invalid-password",
      "status": 1
    }
  ],
  "dpis": [
    72,
    100,
    150
  ],
  "needles": [
    "BCD",
    "Aé",
    "DAC",
    "eBe"
  ],
  "pages": [
    {
      "page": 0,
      "bounds": [
        0,
        0,
        400,
        600
      ],
      "linksRaw": [],
      "searchRaw": {
        "Aé": [
          [
            40,
            141.6,
            66.880005,
            141.6,
            40,
            189.6,
            66.880005,
            189.6
          ]
        ],
        "BCD": [
          [
            40,
            61.6,
            118.72,
            61.6,
            40,
            109.6,
            118.72,
            109.6
          ]
        ],
        "DAC": [
          [
            40,
            221.6,
            117.76,
            221.6,
            40,
            269.6,
            117.76,
            269.6
          ]
        ],
        "eBe": [
          [
            40,
            311.2,
            98.32001,
            311.2,
            40,
            347.2,
            98.32001,
            347.2
          ]
        ]
      },
      "renders": {
        "100": {
          "png": "page0-100.png",
          "width": 556,
          "height": 834,
          "stride": 2224,
          "links": [],
          "search": {
            "Aé": [
              [
                55,
                196,
                93,
                264
              ]
            ],
            "BCD": [
              [
                55,
                85,
                165,
                153
              ]
            ],
            "DAC": [
              [
                55,
                307,
                164,
                375
              ]
            ],
            "eBe": [
              [
                55,
                432,
                137,
                483
              ]
            ]
          }
        },
        "150": {
          "png": "page0-150.png",
          "width": 834,
          "height": 1250,
          "stride": 3336,
          "links": [],
          "search": {
            "Aé": [
              [
                83,
                295,
                140,
                396
              ]
            ],
            "BCD": [
              [
                83,
                128,
                248,
                229
              ]
            ],
            "DAC": [
              [
                83,
                461,
                246,
                562
              ]
            ],
            "eBe": [
              [
                83,
                648,
                205,
                724
              ]
            ]
          }
        },
        "72": {
          "png": "page0-72.png",
          "width": 400,
          "height": 600,
          "stride": 1600,
          "links": [],
          "search": {
            "Aé": [
              [
                40,
                141,
                67,
                190
              ]
            ],
            "BCD": [
              [
                40,
                61,
                119,
                110
              ]
            ],
            "DAC": [
              [
                40,
                221,
                118,
                270
              ]
            ],
            "eBe": [
              [
                40,
                311,
                99,
                348
              ]
            ]
          }
        }
      }
    }
  ]
}
