{
  "file": "std14-styles.pdf",
  "sha256": "bb2a056efa074cf7bccdf85118a195cedc80eeeb2764ae526f27376d7e06d108",
  "mupdf": "1.27.2",
  "pageCount": 1,
  "requiresAuth": false,
  "auth": [
    {
      "password": "",
      "status": 1
    },
    {
      "password": "invalid-password",
      "status": 1
    }
  ],
  "dpis": [
    72,
    100,
    150
  ],
  "needles": [
    "handgrip",
    "boldface",
    "obliquely",
    "chiseled",
    "romanesque",
    "duckweed",
    "italicize",
    "marbled",
    "typewriter",
    "keystroke",
    "slanting",
    "flywheel",
    "αβγδ",
    "✁✂✃"
  ],
  "pages": [
    {
      "page": 0,
      "bounds": [
        0,
        0,
        612,
        792
      ],
      "linksRaw": [],
      "searchRaw": {
        "boldface": [
          [
            30,
            58.499996,
            235.6,
            58.499996,
            30,
            127.35,
            235.6,
            127.35
          ]
        ],
        "chiseled": [
          [
            30,
            158.35,
            230.10004,
            158.35,
            30,
            227.45,
            230.10004,
            227.45
          ]
        ],
        "duckweed": [
          [
            30,
            259.8,
            243.90001,
            259.8,
            30,
            329.05,
            243.90001,
            329.05
          ]
        ],
        "flywheel": [
          [
            30,
            562.15,
            270,
            562.15,
            30,
            631.65,
            270,
            631.65
          ]
        ],
        "handgrip": [
          [
            30,
            8.249996,
            224.55002,
            8.249996,
            30,
            76.95,
            224.55002,
            76.95
          ]
        ],
        "italicize": [
          [
            30,
            314.45,
            188.35,
            314.45,
            30,
            375.5,
            188.35,
            375.5
          ]
        ],
        "keystroke": [
          [
            30,
            461.65,
            300,
            461.65,
            30,
            531.65,
            300,
            531.65
          ]
        ],
        "marbled": [
          [
            30,
            363.4,
            199.45,
            363.4,
            30,
            428.2,
            199.45,
            428.2
          ]
        ],
        "obliquely": [
          [
            30,
            108.5,
            227.30002,
            108.5,
            30,
            176.2,
            227.30002,
            176.2
          ]
        ],
        "romanesque": [
          [
            30,
            209.35,
            271.6,
            209.35,
            30,
            276.05,
            271.6,
            276.05
          ]
        ],
        "slanting": [
          [
            30,
            516,
            270,
            516,
            30,
            577.85,
            270,
            577.85
          ]
        ],
        "typewriter": [
          [
            30,
            415.4,
            330,
            415.4,
            30,
            477.85,
            330,
            477.85
          ]
        ],
        "αβγδ": [
          [
            30,
            611.5,
            134.25,
            611.5,
            30,
            676.65,
            134.25,
            676.65
          ]
        ],
        "✁✂✃": []
      },
      "renders": {
        "100": {
          "png": "page0-100.png",
          "width": 850,
          "height": 1100,
          "stride": 3400,
          "links": [],
          "search": {
            "boldface": [
              [
                41,
                81,
                328,
                177
              ]
            ],
            "chiseled": [
              [
                41,
                219,
                320,
                316
              ]
            ],
            "duckweed": [
              [
                41,
                360,
                339,
                458
              ]
            ],
            "flywheel": [
              [
                41,
                780,
                375,
                878
              ]
            ],
            "handgrip": [
              [
                41,
                11,
                312,
                107
              ]
            ],
            "italicize": [
              [
                41,
                436,
                262,
                522
              ]
            ],
            "keystroke": [
              [
                41,
                641,
                417,
                739
              ]
            ],
            "marbled": [
              [
                41,
                504,
                278,
                595
              ]
            ],
            "obliquely": [
              [
                41,
                150,
                316,
                245
              ]
            ],
            "romanesque": [
              [
                41,
                290,
                378,
                384
              ]
            ],
            "slanting": [
              [
                41,
                716,
                375,
                803
              ]
            ],
            "typewriter": [
              [
                41,
                576,
                459,
                664
              ]
            ],
            "αβγδ": [
              [
                41,
                849,
                187,
                940
              ]
            ],
            "✁✂✃": []
          }
        },
        "150": {
          "png": "page0-150.png",
          "width": 1275,
          "height": 1650,
          "stride": 5100,
          "links": [],
          "search": {
            "boldface": [
              [
                62,
                121,
                491,
                266
              ]
            ],
            "chiseled": [
              [
                62,
                329,
                480,
                474
              ]
            ],
            "duckweed": [
              [
                62,
                541,
                509,
                686
              ]
            ],
            "flywheel": [
              [
                62,
                1171,
                563,
                1316
              ]
            ],
            "handgrip": [
              [
                62,
                17,
                468,
                161
              ]
            ],
            "italicize": [
              [
                62,
                655,
                393,
                783
              ]
            ],
            "keystroke": [
              [
                62,
                961,
                625,
                1108
              ]
            ],
            "marbled": [
              [
                62,
                757,
                416,
                893
              ]
            ],
            "obliquely": [
              [
                62,
                226,
                474,
                368
              ]
            ],
            "romanesque": [
              [
                62,
                436,
                566,
                576
              ]
            ],
            "slanting": [
              [
                62,
                1075,
                563,
                1204
              ]
            ],
            "typewriter": [
              [
                62,
                865,
                688,
                996
              ]
            ],
            "αβγδ": [
              [
                62,
                1273,
                280,
                1410
              ]
            ],
            "✁✂✃": []
          }
        },