{
  "file": "text-type0-cid2.pdf",
  "sha256": "94826f4e1b957255eb9dd421e7cd2b61d584fed899e3acff6ac1f0351e18187c",
  "mupdf": "1.27.2",
  "pageCount": 1,
  "requiresAuth": false,
  "auth": [
    {
      "password": "",
      "status": 1
    },
    {
      "password": "invalid-password",
      "status": 1
    }
  ],
  "dpis": [
    72,
    100,
    150
  ],
  "needles": [
    "你佡世界",
    "WXYZ"
  ],
  "pages": [
    {
      "page": 0,
      "bounds": [
        0,
        0,
        400,
        600
      ],
      "linksRaw": [],
      "searchRaw": {
        "WXYZ": [
          [
            30,
            146.4,
            141.72,
            146.4,
            30,
            188.4,
            141.72,
            188.4
          ]
        ],
        "你佡世界": [
          [
            30,
            66.399994,
            141.72,
            66.399994,
            30,
            108.4,
            141.72,
            108.4
          ]
        ]
      },
      "renders": {
        "100": {
          "png": "page0-100.png",
          "width": 556,
          "height": 834,
          "stride": 2224,
          "links": [],
          "search": {
            "WXYZ": [
              [
                41,
                203,
                197,
                262
              ]
            ],
            "你佡世界": [
              [
                41,
                92,
                197,
                151
              ]
            ]
          }
        },
        "150": {
          "png": "page0-150.png",
          "width": 834,
          "height": 1250,
          "stride": 3336,
          "links": [],
          "search": {
            "WXYZ": [
              [
                62,
                304,
                296,
                393
              ]
            ],
            "你佡世界": [
              [
                62,
                138,
                296,
                226
              ]
            ]
          }
        },
        "72": {
          "png": "page0-72.png",
          "width": 400,
          "height": 600,
          "stride": 1600,
          "links": [],
          "search": {
            "WXYZ": [
              [
                30,
                146,
                142,
                189
              ]
            ],
            "你佡世界": [
              [
                30,
                66,
                142,
                109
              ]
            ]
          }
        }
      }
    }
  ]
}
