{
  "file": "text-trmodes.pdf",
  "sha256": "fa09efb8be6e92f526cde73055f2133470d9f44e10b4b52f48ccabb896f9a260",
  "mupdf": "1.27.2",
  "pageCount": 1,
  "requiresAuth": false,
  "auth": [
    {
      "password": "",
      "status": 1
    },
    {
      "password": "invalid-password",
      "status": 1
    }
  ],
  "dpis": [
    72,
    100,
    150
  ],
  "needles": [
    "Filled zero",
    "Stroked pen",
    "Both layers",
    "Ghost words",
    "CLIPPED",
    "FILLCLIP",
    "Risen",
    "Wide",
    "STROKECLIP"
  ],
  "pages": [
    {
      "page": 0,
      "bounds": [
        0,
        0,
        400,
        600
      ],
      "linksRaw": [],
      "searchRaw": {
        "Both layers": [
          [
            30,
            107.75,
            180.06003,
            107.75,
            30,
            148.97,
            180.06003,
            148.97
          ]
        ],
        "CLIPPED": [
          [
            30,
            212.7,
            218.27603,
            212.7,
            30,
            273.156,
            218.27603,
            273.156
          ]
        ],
        "FILLCLIP": [
          [
            30,
            277,
            198.96002,
            277,
            30,
            331.96,
            198.96002,
            331.96
          ]
        ],
        "Filled zero": [
          [
            30,
            27.75,
            168.36003,
            27.75,
            30,
            68.97,
            168.36003,
            68.97
          ]
        ],
        "Ghost words": [
          [
            30,
            147.75,
            198.39003,
            147.75,
            30,
            188.97,
            198.39003,
            188.97
          ]
        ],
        "Risen": [
          [
            30,
            369.622,
            89.228004,
            369.622,
            30,
            404.306,
            89.228004,
            404.306
          ]
        ],
        "STROKECLIP": [
          [
            30,
            433.45,
            245.39003,
            433.45,
            30,
            480.166,
            245.39003,
            480.166
          ]
        ],
        "Stroked pen": [
          [
            30,
            67.75,
            191.76003,
            67.75,
            30,
            108.97,
            191.76003,
            108.97
          ]
        ],
        "Wide": [
          [
            152.772,
            372.622,
            225.98279,
            372.622,
            152.772,
            407.306,
            225.98279,
            407.306
          ]
        ]
      },
      "renders": {
        "100": {
          "png": "page0-100.png",
          "width": 556,
          "height": 834,
          "stride": 2224,
          "links": [],
          "search": {
            "Both layers": [
              [
                41,
                149,
                251,
                207
              ]
            ],
            "CLIPPED": [
              [
                41,
                295,
                304,
                380
              ]
            ],
            "FILLCLIP": [
              [
                41,
                384,
                277,
                462
              ]
            ],
            "Filled zero": [
              [
                41,
                38,
                234,
                96
              ]
            ],
            "Ghost words": [
              [
                41,
                205,
                276,
                263
              ]
            ],
            "Risen": [
              [
                41,
                513,
                124,
                562
              ]
            ],
            "STROKECLIP": [
              [
                41,
                602,
                341,
                667
              ]
            ],
            "Stroked pen": [
              [
                41,
                94,
                267,
                152
              ]
            ],
            "Wide": [
              [
                212,
                517,
                314,
                566
              ]
            ]
          }
        },
        "150": {
          "png": "page0-150.png",
          "width": 834,
          "height": 1250,
          "stride": 3336,
          "links": [],
          "search": {
            "Both layers": [
              [
                62,
                224,
                376,
                311
              ]
            ],
            "CLIPPED": [
              [
                62,
                443,
                455,
                570
              ]
            ],
            "FILLCLIP": [
              [
                62,
                577,
                415,
                692
              ]
            ],
            "Filled zero": [
              [
                62,
                57,
                351,
                144
              ]
            ],
            "Ghost words": [
              [
                62,
                307,
                414,
                394
              ]
            ],
            "Risen": [
              [
                62,
                770,
                186,
                843
              ]
            ],
            "STROKECLIP": [
              [
                62,
                903,
                512,
                1001
              ]
            ],
            "Stroked pen": [
              [
                62,
                141,
                400,
                228
              ]
            ],
            "Wide": [
              [
                318,
                776,
                471,
                849
              ]
            ]
          }
        },
        "72": {
          "png": "page0-72.png",
          "width": 400,
          "height": 600,
          "stride": 1600,
          "links": [],
          "search": {
            "Both layers": [
              [
                30,
                107,
                181,
                149
              ]
            ],
            "CLIPPED": [
              [
                30,
                212,
                219,
                274
              ]
            ],
            "FILLCLIP": [
              [
                30,
                277,
                199,
                332
              ]
            ],
            "Filled zero": [
              [
                30,
                27,
                169,
                69
              ]
            ],
            "Ghost words": [
              [
                30,
                147,
                199,
                189
              ]
            ],
            "Risen": [
              [
                30,
                369,
                90,
                405
              ]
            ],
            "STROKECLIP": [
              [
                30,
                433,
                246,
                481
              ]
            ],
            "Stroked pen": [
              [
                30,
                67,
                192,
                109
              ]
            ],
            "Wide": [
              [
                152,
                372,
                226,
                408
              ]
            ]
          }
        }
      }
    }
  ]
}
