{
  "file": "hit-quad-split.pdf",
  "sha256": "1f318969dbb001fb0b5416d23af88820b88e346f6c977e09ebe599df68fe68a4",
  "mupdf": "1.27.2",
  "pageCount": 1,
  "requiresAuth": false,
  "auth": [
    {
      "password": "",
      "status": 1
    },
    {
      "password": "invalid-password",
      "status": 1
    }
  ],
  "dpis": [
    72,
    100,
    150
  ],
  "needles": [
    "backup withholding",
    "alpha beta"
  ],
  "pages": [
    {
      "page": 0,
      "bounds": [
        0,
        0,
        612,
        792
      ],
      "linksRaw": [],
      "searchRaw": {
        "alpha beta": [
          [
            40,
            270.5,
            88.92001,
            270.5,
            40,
            297.98,
            88.92001,
            297.98
          ],
          [
            88.92001,
            249.2,
            100.040016,
            249.2,
            88.92001,
            304.28,
            100.040016,
            304.28
          ],
          [
            100.040016,
            270.5,
            138.96002,
            270.5,
            100.040016,
            297.98,
            138.96002,
            297.98
          ]
        ],
        "backup withholding": [
          [
            40,
            70.5,
            210.07999,
            70.5,
            40,
            97.98,
            210.07999,
            97.98
          ],
          [
            131.16,
            170.5,
            201.19998,
            170.5,
            131.16,
            197.98,
            201.19998,
            197.98
          ],
          [
            40,
            192.5,
            140.04001,
            192.5,
            40,
            219.98,
            140.04001,
            219.98
          ]
        ]
      },
      "renders": {
        "100": {
          "png": "page0-100.png",
          "width": 850,
          "height": 1100,
          "stride": 3400,
          "links": [],
          "search": {
            "alpha beta": [
              [
                55,
                375,
                124,
                414
              ],
              [
                123,
                346,
                139,
                423
              ],
              [
                138,
                375,
                194,
                414
              ]
            ],
            "backup withholding": [
              [
                55,
                97,
                292,
                137
              ],
              [
                182,
                236,
                280,
                275
              ],
              [
                55,
                267,
                195,
                306
              ]
            ]
          }
        },
        "150": {
          "png": "page0-150.png",
          "width": 1275,
          "height": 1650,
          "stride": 5100,
          "links": [],
          "search": {
            "alpha beta": [
              [
                83,
                563,
                186,
                621
              ],
              [
                185,
                519,
                209,
                634
              ],
              [
                208,
                563,
                290,
                621
              ]
            ],
            "backup withholding": [
              [
                83,
                146,
                438,
                205
              ],
              [
                273,
                355,
                420,
                413
              ],
              [
                83,
                401,
                292,
                459
              ]
            ]
          }
        },
        "72": {
          "png": "page0-72.png",
          "width": 612,
          "height": 792,
          "stride": 2448,
          "links": [],
          "search": {
            "alpha beta": [
              [
                40,
                270,
                89,
                298
              ],
              [
                88,
                249,
                101,
                305
              ],
              [
                100,
                270,
                139,
                298
              ]
            ],
            "backup withholding": [
              [
                40,
                70,
                211,
                98
              ],
              [
                131,
                170,
                202,
                198
              ],
              [
                40,
                192,
                141,
                220
              ]
            ]
          }
        }
      }
    }
  ]
}
